ranks,gflops,stddev
8,0.17721439999999999,0.00022277980159790369
16,0.17760690000000001,0.00073923074205554679
32,0.17718199999999998,0.00030480846444938975
64,0.17726740000000002,0.00018908421404231201