ranks,gflops,stddev
8,31.817830799999999,0.19119640716645278
16,60.732358899999994,0.53242198903209437
32,118.15915670000001,12.611450953215444
64,185.54454299999998,2.5098570244197589