ranks,gflops,stddev
8,40.575484800000005,0.57329564167954372
16,69.050166599999997,1.0782482452908717
32,157.70400789999999,1.6783998552466253
64,134.2906878,0.57810253220493857