ranks,gflops,stddev
8,44.096575799999997,0.28683191403565994
16,71.676264000000003,3.2141883831796481
32,169.27366219999999,6.7181538934685792
64,133.5225083,16.888229543944341