ranks,gflops,stddev
8,35.595241000000001,3.6795316305329409
16,15.322299300000001,0.071168261160506355
32,133.00997769999995,1.5801585146180643
64,9.0151745999999999,0.094995692663615072